Workbook

Sheet Raw Data
A1: User_ID | B1: Recommended_Content_Pct | C1: Retention_Days
A2: 1 | B2: 0.75 | C2: 60 | D2: ='Regression Summary'!$B$3*B2+'Regression Summary'!$B$2 -> 67.218
A3: 2 | B3: 0.686 | C3: 62 | D3: ='Regression Summary'!$B$3*B3+'Regression Summary'!$B$2 -> 64.463952
A4: 3 | B4: 0.765 | C4: 67 | D4: ='Regression Summary'!$B$3*B4+'Regression Summary'!$B$2 -> 67.86348
A5: 4 | B5: 0.852 | C5: 69 | D5: ='Regression Summary'!$B$3*B5+'Regression Summary'!$B$2 -> 71.607264
A6: 5 | B6: 0.677 | C6: 63 | D6: ='Regression Summary'!$B$3*B6+'Regression Summary'!$B$2 -> 64.076664
A7: 6 | B7: 0.677 | C7: 66 | D7: ='Regression Summary'!$B$3*B7+'Regression Summary'!$B$2 -> 64.076664
A8: 7 | B8: 0.858 | C8: 82 | D8: ='Regression Summary'!$B$3*B8+'Regression Summary'!$B$2 -> 71.865456
A9: 8 | B9: 0.777 | C9: 70 | D9: ='Regression Summary'!$B$3*B9+'Regression Summary'!$B$2 -> 68.379864
A10: 9 | B10: 0.653 | C10: 64 | D10: ='Regression Summary'!$B$3*B10+'Regression Summary'!$B$2 -> 63.043896
A11: 10 | B11: 0.754 | C11: 67 | D11: ='Regression Summary'!$B$3*B11+'Regression Summary'!$B$2 -> 67.390128
A12: 11 | B12: 0.654 | C12: 53 | D12: ='Regression Summary'!$B$3*B12+'Regression Summary'!$B$2 -> 63.086928
A13: 12 | B13: 0.653 | C13: 63 | D13: ='Regression Summary'!$B$3*B13+'Regression Summary'!$B$2 -> 63.043896
... A101: 100 | B101: 0.677 | C101: 58 | D101: ='Regression Summary'!$B$3*B101+'Regression Summary'!$B$2 -> 64.076664

Sheet Descriptive Stats
B1: Recommended_Content_Pct | C1: Retention_Days
A2: count | B2: 100 | C2: 100
A3: mean | B3: 0.69 | C3: 64.62
A4: std | B4: 0.091 | C4: 6.156
A5: min | B5: 0.438 | C5: 51
A6: 25% | B6: 0.64 | C6: 60
A7: 50% | B7: 0.687 | C7: 64.5
A8: 75% | B8: 0.741 | C8: 68.25
A9: max | B9: 0.885 | C9: 82

Sheet Correlation
A1: Correlation
A2: 0.635

Sheet Regression Summary
B1: Value
A2: Intercept | B2: 34.944
A3: Slope | B3: 43.032
A4: R^2 | B4: 0.403
